noaa_id,Include_in_WWDH_Dashboard,NOAA_RFC_NAME,Location_Name,geometry
ALTO2,True,Arkansas-Red Basin,North Fork of the Red River at Lake Altus at Lugert,POINT (-99.295639 34.885616)
ANDO2,False,Arkansas-Red Basin,Washita River at Anadarko,POINT (-98.243385 35.084228)
ARBO2,True,Arkansas-Red Basin,Rock Creek (OK) at Lake of the Arbuckles,POINT (-97.03085 34.430645)
CARO2,True,Arkansas-Red Basin,North Fork of the Red River near Carter,POINT (-99.507313 35.168108)
CHYO2,False,Arkansas-Red Basin,Washita River near Cheyenne,POINT (-99.668439 35.626437)
CLIO2,False,Arkansas-Red Basin,Washita River near Clinton,POINT (-98.96703 35.530883)
CRLO2,False,Arkansas-Red Basin,Elm Fork of North Fork Red River near Carl,POINT (-99.903714 35.01172)
EAKO2,True,Arkansas-Red Basin,Cobb Creek near Eakley,POINT (-98.594231 35.290611)
EKCO2,True,Arkansas-Red Basin,Lake Creek (OK) near Eakley,POINT (-98.529229 35.290889)
FBFO2,True,Arkansas-Red Basin,Washita River near Foss,POINT (-99.169813 35.538938)
FCCO2,True,Arkansas-Red Basin,Cobb Creek near Fort Cobb,POINT (-98.442836 35.14367)
FOSO2,True,Arkansas-Red Basin,Washita River at Foss Reservoir,POINT (-99.186202 35.538938)
FTCO2,True,Arkansas-Red Basin,Cobb Creek at Fort Cobb Lake,POINT (-98.456725 35.157867)
GNTO2,False,Arkansas-Red Basin,Elm Fork of North Fork Red River near Granite,POINT (-99.378869 34.8886)
HEAO2,False,Arkansas-Red Basin,North Fork of the Red River near Headrick,POINT (-99.103691 34.638127)
LDDO2,False,Arkansas-Red Basin,Lugert Drainage Ditch at Lugert,POINT (-99.277933 34.890194)
LGTO2,True,Arkansas-Red Basin,North Fork of the Red River near Lugert,POINT (-99.307028 34.889505)
LSDO2,False,Arkansas-Red Basin,East Elm Creek at Lake Stanley Draper,POINT (-97.356699 35.328399)
MGCO2,True,Arkansas-Red Basin,McGee Creek at McGee Creek Lake,POINT (-95.874704 34.315652)
MTNO2,True,Arkansas-Red Basin,West Otter Creek at Tom Steed Lake,POINT (-98.986945 34.738578)
NLRO2,True,Arkansas-Red Basin,Little River (OK) near Norman,POINT (-97.213917 35.221736)
NRCO2,False,Arkansas-Red Basin,Canadian River at Norman,POINT (-97.485034 35.194511)
NRMO2,True,Arkansas-Red Basin,Little River (OK) at Lake Thunderbird,POINT (-97.217528 35.223403)
RVTO2,True,Arkansas-Red Basin,Elk Creek (OK) near Roosevelt,POINT (-99.124661 34.832039)
SAYO2,False,Arkansas-Red Basin,North Fork of the Red River near Sayre,POINT (-99.622041 35.284773)
SMCO2,True,Arkansas-Red Basin,Mill Creek (OK) near Sulphur,POINT (-96.905781 34.477336)
SRCO2,True,Arkansas-Red Basin,Rock Creek (OK) at Sulphur,POINT (-96.988628 34.495367)
STCO2,True,Arkansas-Red Basin,Travertine Creek at Sulphur,POINT (-96.968889 34.504444)
SWTO2,False,Arkansas-Red Basin,Sweetwater Creek near Sweetwater,POINT (-99.969277 35.422272)
SYDO2,False,Arkansas-Red Basin,Otter Creek (OK) near Snyder,POINT (-98.998688 34.637849)
TCMO2,False,Arkansas-Red Basin,Little River (OK) near Tecumseh,POINT (-96.931966 35.172574)
TIPO2,False,Arkansas-Red Basin,North Fork of the Red River near Tipton,POINT (-99.208139 34.507021)
FRSO2,False,Arkansas-Red Basin,Muddy Boggy Creek near Farris,POINT (-95.912205 34.271485)
AWCO2,True,Arkansas-Red Basin,Willow Creek (OK) near Albert,POINT (-98.46617 35.233391)
HLCO2,True,Arkansas-Red Basin,Lake Creek (OK) near Sickels,POINT (-98.517842 35.391721)
HMMO2,True,Arkansas-Red Basin,Washita River near Hammon,POINT (-99.306209 35.656437)
AMAT2,True,Arkansas-Red Basin,Canadian River at Amarillo,POINT (-101.8791667 35.47027778)
FBKT2,True,Arkansas-Red Basin,Big Blue Creek 6NNW Fritch,POINT (-101.6625 35.72083333)
MRIT2,True,Arkansas-Red Basin,Canadian River at Lake Meredith,POINT (-101.5508333 35.71055555)
CDNT2,False,Arkansas-Red Basin,Canadian River at Canadian,POINT (-100.3702778 35.935)
DBYT2,True,West Gulf,Frio River near Derby,POINT (-99.14444444 28.73638889)
COTT2,False,West Gulf,Nueces River at Cotulla,POINT (-99.23972222 28.42611111)
THET2,False,West Gulf,Nueces River near Three Rivers,POINT (-98.17777778 28.42722222)
TIDT2,True,West Gulf,Frio River at Tilden,POINT (-98.54722222 28.46722222)
TILT2,True,West Gulf,Nueces River near Tilden,POINT (-98.55694444 28.30861111)
TNLT2,True,West Gulf,San Miguel Creek near Tilden,POINT (-98.54555556 28.58722222)
WTTT2,False,West Gulf,Atascosa River at Whitsett,POINT (-98.28111111 28.62194444)
GWLT2,False,West Gulf,Lagarto Creek below George West,POINT (-98.09666667 28.05944444)
GWNT2,False,West Gulf,Nueces River at George West,POINT (-98.08555556 28.33277778)
SCCT2,False,West Gulf,Concho River at San Angelo,POINT (-100.4102778 31.45444444)
NAST2,True,West Gulf,West Central Texas Lakes at Lake Nasworthy,POINT (-100.4780556 31.38861111)
SGOT2,True,West Gulf,Pecan Creek (Concho River Basin) near San Angelo,POINT (-100.4455556 31.30888889)
TBRT2,False,West Gulf,West Central Texas Lakes at Twin Buttes Reservoir,POINT (-100.5380556 31.38194444)
TKLT2,True,West Gulf,Spring Creek (Concho River Basin) above Tankersley,POINT (-100.64 31.33)
TKST2,True,West Gulf,Middle Concho River above Tankersley,POINT (-100.7108333 31.42722222)
KNBT2,True,West Gulf,Dove Creek (Concho River Basin) at Knickerbocker,POINT (-100.6305556 31.27388889)
CHVT2,True,West Gulf,South Concho River at Christoval,POINT (-100.5016667 31.18694444)
AKYC1,False,California-Nevada,Kyburz,POINT (-120.3275 38.76361111)
BCAC1,False,California-Nevada,NO_NAME_IN_NOAA_ESRI_SERVICE,POINT (-120.0944444 39.38694444)
BPRC1,False,California-Nevada,Bridgeport Reservoir,POINT (-119.212098 38.32491807)
CBAC1,False,California-Nevada,Placerville - Chili Bar,POINT (-120.8152778 38.77111111)
CEGC1,True,California-Nevada,NO_NAME_IN_NOAA_ESRI_SERVICE,POINT (-122.7622222 40.80138889)
CEMC1,False,California-Nevada,Markleeville,POINT (-119.7638889 38.71472222)
CHVC1,False,California-Nevada,NO_NAME_IN_NOAA_ESRI_SERVICE,POINT (-119.9161111 37.97472222)
CMPC1,False,California-Nevada,NO_NAME_IN_NOAA_ESRI_SERVICE,POINT (-120.8433333 38.24861111)
CNBC1,False,California-Nevada,Canby,POINT (-120.9277458 41.40600116)
DLTC1,False,California-Nevada,Delta,POINT (-122.4172351 40.93959397)
DNRC1,False,California-Nevada,NO_NAME_IN_NOAA_ESRI_SERVICE,POINT (-120.2813889 39.325)
EXQC1,False,California-Nevada,NO_NAME_IN_NOAA_ESRI_SERVICE,POINT (-120.2672222 37.585)
FARC1,True,California-Nevada,Farad,POINT (-120.0340873 39.42796385)
FOLC1,True,California-Nevada,NO_NAME_IN_NOAA_ESRI_SERVICE,POINT (-121.1669444 38.7)
FRAC1,True,California-Nevada,NO_NAME_IN_NOAA_ESRI_SERVICE,POINT (-119.6916667 36.995)
FTJC1,False,California-Nevada,Fort Jones,POINT (-123.015037 41.64069017)
GYRC1,False,California-Nevada,Goodyears Bar,POINT (-120.9380068 39.5248937)
HAPC1,False,California-Nevada,Happy Camp,POINT (-123.3831113 41.83512325)
HETC1,False,California-Nevada,NO_NAME_IN_NOAA_ESRI_SERVICE,POINT (-119.7830556 37.96138889)
HLEC1,False,California-Nevada,NO_NAME_IN_NOAA_ESRI_SERVICE,POINT (-121.2666667 39.23722222)
HLLC1,False,California-Nevada,NO_NAME_IN_NOAA_ESRI_SERVICE,POINT (-120.4217 39.0717)
HPIC1,False,California-Nevada,Happy Isles,POINT (-119.5590514 37.73131496)
HYMC1,False,California-Nevada,Hyampom,POINT (-123.4941718 40.64983089)
ICHC1,False,California-Nevada,NO_NAME_IN_NOAA_ESRI_SERVICE,POINT (-120.36 38.82388889)
ILAC1,False,California-Nevada,Independence Lake,POINT (-120.2907588 39.45184949)
ISAC1,False,California-Nevada,NO_NAME_IN_NOAA_ESRI_SERVICE,POINT (-118.478889 35.646667)
KRVC1,False,California-Nevada,Kernville,POINT (-118.4233333 35.75444444)
LAMC1,False,California-Nevada,(Lake Mendocino),POINT (-123.185 39.20305555)
MFAC1,False,California-Nevada,Foresthill,POINT (-120.7597222 39.00611111)
MHBC1,False,California-Nevada,Michigan Bar,POINT (-121.0452212 38.50018619)
MLIC0,False,California-Nevada,NO_NAME_IN_NOAA_ESRI_SERVICE,POINT (-121.92 38.04277778)
MMCC1,False,California-Nevada,NO_NAME_IN_NOAA_ESRI_SERVICE,POINT (-122.0588888 41.18611111)
MSSC1,False,California-Nevada,Above Shasta Lake,POINT (-122.2186111 40.95833333)
MTSC1,False,California-Nevada,NO_NAME_IN_NOAA_ESRI_SERVICE,POINT (-120.1133333 39.32666667)
NBBC1,False,California-Nevada,NO_NAME_IN_NOAA_ESRI_SERVICE,POINT (-121.1402778 39.39277778)
NDPC1,False,California-Nevada,NO_NAME_IN_NOAA_ESRI_SERVICE,POINT (-120.4211111 37.70166667)
NFDC1,False,California-Nevada,North Fork Dam,POINT (-121.023833 38.93600919)
NMSC1,True,California-Nevada,NO_NAME_IN_NOAA_ESRI_SERVICE,POINT (-120.525 37.94805556)
ORDC1,False,California-Nevada,NO_NAME_IN_NOAA_ESRI_SERVICE,POINT (-121.5169 39.5331)
PFTC1,False,California-Nevada,NO_NAME_IN_NOAA_ESRI_SERVICE,POINT (-119.3236111 36.83194444)
PITC1,False,California-Nevada,Near Montgomery,POINT (-122.0013889 40.84388889)
PLYC1,False,California-Nevada,Likely,POINT (-120.4371726 41.2307286)
POHC1,False,California-Nevada,Pohono Bridge,POINT (-119.6662788 37.71687138)
PSRC1,False,California-Nevada,Prosser Creek Reservoir,POINT (-120.1376984 39.3793513)
RBBC1,False,California-Nevada,NO_NAME_IN_NOAA_ESRI_SERVICE,POINT (-120.2247222 38.98777778)
SACC0,False,California-Nevada,NO_NAME_IN_NOAA_ESRI_SERVICE,POINT (-121.4983 38.4542)
SBRC1,False,California-Nevada,Somes Bar,POINT (-123.4770026 41.3765154)
SCBC1,False,California-Nevada,Keddie,POINT (-120.9543994 40.002947)
SCSC1,False,California-Nevada,NO_NAME_IN_NOAA_ESRI_SERVICE,POINT (-118.9219 36.0611)
SGNC1,False,California-Nevada,NO_NAME_IN_NOAA_ESRI_SERVICE,POINT (-120.2369444 39.43166667)
SHDC1,True,California-Nevada,NO_NAME_IN_NOAA_ESRI_SERVICE,POINT (-122.4161 40.7142)
SPYC1,False,California-Nevada,NO_NAME_IN_NOAA_ESRI_SERVICE,POINT (-120.60305 38.903055)
STPC1,False,California-Nevada,Stampede Reservoir,POINT (-120.1040897 39.47046319)
TAHC1,False,California-Nevada,NO_NAME_IN_NOAA_ESRI_SERVICE,POINT (-120.1427778 39.16777778)
TCCC1,False,California-Nevada,NO_NAME_IN_NOAA_ESRI_SERVICE,POINT (-122.7055474 41.11122108)
TMDC1,False,California-Nevada,NO_NAME_IN_NOAA_ESRI_SERVICE,POINT (-119.0019 36.415)
TRCC1,False,California-Nevada,Truckee,POINT (-120.2054752 39.2962952)
UNVC1,False,California-Nevada,NO_NAME_IN_NOAA_ESRI_SERVICE,POINT (-120.4430556 38.86805556)
VNSC0,False,California-Nevada,NO_NAME_IN_NOAA_ESRI_SERVICE,POINT (-121.2652778 37.67611111)
WOOC1,False,California-Nevada,Woodfords,POINT (-119.833789 38.76962765)
WWBC1,False,California-Nevada,Coleville (Upper Gage),POINT (-119.4491667 38.37972222)
YREC1,False,California-Nevada,Yreka,POINT (-122.5955813 41.8229179)
CMSN2,False,California-Nevada,Comus,POINT (-117.316667 40.992222)
DIXN2,False,California-Nevada,Dixie Creek,POINT (-115.8134002 40.6849236)
FTCN2,True,California-Nevada,Fort Churchill,POINT (-119.3111111 39.29166667)
GRDN2,False,California-Nevada,Gardnerville,POINT (-119.7060833 38.84519444)
HBMN2,False,California-Nevada,Battle Mountain,POINT (-116.9312118 40.66768849)
HRCN2,False,California-Nevada,Carlin,POINT (-116.0083333 40.72777778)
HREN2,False,California-Nevada,Elko,POINT (-115.624167 40.936556)
HRIN2,False,California-Nevada,Imlay,POINT (-118.2043 40.6924)
LCLN2,False,California-Nevada,Lamoille,POINT (-115.4761111 40.69083333)
MARN2,False,California-Nevada,Paradise Valley,POINT (-117.4169444 41.53472222)
MDCN2,False,California-Nevada,NO_NAME_IN_NOAA_ESRI_SERVICE,POINT (-117.8308333 41.9666667)
MHSN2,False,California-Nevada,Hot Springs Creek nr Deeth,POINT (-115.2564468 41.2526961)
PALN2,False,California-Nevada,Palisade,POINT (-116.200833 40.6075)
ROCN2,False,California-Nevada,Battle Mountain,POINT (-116.5883333 40.83027778)
SFLN2,False,Northwest,San Jacinto,POINT (-114.6886111 41.94472222)
STWN2,False,California-Nevada,Carson City,POINT (-119.7132334 39.10768748)
BTYO3,False,California-Nevada,Beatty,POINT (-121.2386111 42.44777778)
CHSO3,False,California-Nevada,NO_NAME_IN_NOAA_ESRI_SERVICE,POINT (-121.8483333 42.58444444)
KLAO3,True,California-Nevada,NO_NAME_IN_NOAA_ESRI_SERVICE,POINT (-121.8152778 42.25)
SCNO3,False,California-Nevada,NO_NAME_IN_NOAA_ESRI_SERVICE,POINT (-121.2777777 42.4861111)
WKAO3,False,California-Nevada,NO_NAME_IN_NOAA_ESRI_SERVICE,POINT (-121.8345167 42.739925)
WMSO3,True,California-Nevada,Chiloquin,POINT (-121.8797139 42.564375)
ALFW1,False,Northwest,Albeni Falls Dam,POINT (-116.9997222 48.17888889)
AMFI1,False,Northwest,Neeley,POINT (-112.879475 42.767508)
ANTI1,True,Northwest,St Anthony,POINT (-111.672619 43.966822)
ARAI1,True,Northwest,Anderson Ranch Dam,POINT (-115.44594 43.358611)
BFEI1,False,Northwest,Bonners Ferry,POINT (-116.3125 48.69805555)
BRNI1,False,Northwest,Brownlee Dam,POINT (-116.898586 44.83633)
CABI1,False,Northwest,CABINET GORGE,POINT (-116.0575 48.08555555)
CHEI1,False,Northwest,Chester,POINT (-111.566603 44.018175)
CLDI1,False,Northwest,Calder,POINT (-116.1889 47.27444)
COEI1,False,Northwest,Coeur d&#039;Alene,POINT (-116.7705556 47.66611111)
CSCI1,True,Northwest,NO_NAME_IN_NOAA_ESRI_SERVICE,POINT (-116.05 44.51667)
DRBI1,True,Northwest,Deadwood Reservoir,POINT (-115.6419444 44.29194444)
DWRI1,False,Northwest,Ahsahka,POINT (-116.2958333 46.515)
EASI1,False,Northwest,Eastport,POINT (-116.1797222 48.99916667)
EMMI1,False,Northwest,Emmett,POINT (-116.4416667 43.93055555)
ENVI1,False,Northwest,Enaville,POINT (-116.2528 47.5722)
HALI1,False,Northwest,Hailey,POINT (-114.321483 43.517158)
HEII1,True,Northwest,Heise,POINT (-111.659811 43.612425)
HOTI1,False,Northwest,Hot Springs,POINT (-115.7194444 42.77111111)
HRSI1,True,Northwest,Horseshoe Bend,POINT (-116.1966667 43.9433333)
HWRI1,False,Northwest,Howell Ranch,POINT (-114.020956 43.9984)
LEOI1,False,Northwest,Leonia,POINT (-116.0492 48.6168)
LUCI1,True,Northwest,Lucky Peak Dam,POINT (-116.0552778 43.52555556)
MACI1,False,Northwest,Mackay Dam,POINT (-113.67472 43.95167)
MAGI1,False,Northwest,Magic Dam,POINT (-114.357794 43.254842)
ORFI1,False,Northwest,Orofino,POINT (-116.2563889 46.47861111)
PALI1,False,Northwest,Irwin,POINT (-111.217386 43.349964)
PARI1,False,Northwest,Parma,POINT (-116.9727778 43.78166667)
PRTI1,False,Northwest,Priest River,POINT (-116.9146 48.2085)
REXI1,True,Northwest,Rexburg,POINT (-111.905011 43.825858)
RIRI1,True,Northwest,Ririe Dam near Ririe,POINT (-111.745931 43.583381)
SHYI1,False,Northwest,Shelley,POINT (-112.1349 43.413125)
SKHI1,False,Northwest,King Hill,POINT (-115.2016667 43.00222222)
SMNI1,False,Northwest,Salmon,POINT (-113.8944444 45.18333333)
SPDI1,False,Northwest,Spalding,POINT (-116.8275 46.44833)
STDI1,False,Colorado Basin,NO_NAME_IN_NOAA_ESRI_SERVICE,POINT (-111.286389 42.251667)
SWAI1,False,Northwest,Murphy,POINT (-116.390639 43.254814)
TEAI1,True,Northwest,St. Anthony,POINT (-111.613811 43.926986)
TOPI1,False,Northwest,Topaz,POINT (-112.087961 42.625106)
WEII1,False,Northwest,Weiser,POINT (-116.98 44.24555555)
WHBI1,False,Northwest,White Bird,POINT (-116.3230556 45.75027778)
WODI1,True,Northwest,Carey,POINT (-113.999747 43.389944)
WSRI1,False,Northwest,Weiser,POINT (-116.7722222 44.27)
ABBM8,False,Northwest,NO_NAME_IN_NOAA_ESRI_SERVICE,POINT (-113.8333333 46.88333333)
ABOM8,False,Northwest,Missoula,POINT (-113.9313889 46.87722222)
BELM8,False,Northwest,Missoula,POINT (-114.1258333 46.86916667)
BITM8,False,Northwest,Missoula,POINT (-114.054861 46.83173889)
BONM8,False,Northwest,Bonner,POINT (-113.7555556 46.89972222)
CFMM8,True,Northwest,Columbia Falls,POINT (-114.1838889 48.36194444)
DARM8,False,Northwest,Darby,POINT (-114.141 45.97205)
FCFM8,False,Northwest,Columbia Falls,POINT (-114.1266667 48.49555555)
HHWM8,True,Northwest,NO_NAME_IN_NOAA_ESRI_SERVICE,POINT (-114.0133333 48.34111111)
KERM8,False,Northwest,Polson,POINT (-114.161 47.69691)
LYDM8,False,Northwest,Libby,POINT (-115.3130556 48.47722222)
PLNM8,False,Northwest,Plains,POINT (-114.855 47.42972222)
SRGM8,False,Northwest,St. Regis,POINT (-115.0863889 47.30194444)
WGCM8,False,Northwest,West Glacier,POINT (-114.0091667 48.49527778)
BEUO3,True,Northwest,Beulah,POINT (-118.1533333 43.9075)
BONO3,False,Northwest,Bonneville Dam,POINT (-121.960731 45.633079)
BUSO3,False,Northwest,Burns,POINT (-119.1766667 43.71583333)
DONO3,False,Northwest,French Glen,POINT (-118.8666667 42.79111111)
EGCO3,False,Northwest,Skull Creek near New Bridge 7NW,POINT (-117.2527778 44.88055556)
ESTO3,False,Northwest,Estacada,POINT (-122.3544444 45.30055555)
GIBO3,False,Northwest,Gibbon,POINT (-118.3232913 45.71957668)
HCDI1,False,Northwest,Hells Canyon,POINT (-116.6969444 45.2544444)
IMNO3,False,Northwest,Imnaha,POINT (-116.8343178 45.5623784)
LGNO3,False,Northwest,Perry,POINT (-118.1913889 45.35444444)
LSTO3,False,Northwest,Lostine,POINT (-117.426389 45.438889)
MADO3,True,Northwest,Drewsey,POINT (-118.3305556 43.78472222)
MEHO3,False,Northwest,Mehama,POINT (-122.6186111 44.78916667)
MODO3,False,Northwest,Moody,POINT (-120.9056203 45.6220678)
MONO3,False,Northwest,Monument,POINT (-119.4316565 44.8137582)
OWYO3,True,Northwest,Owyhee Dam,POINT (-117.2544444 43.65472222)
PDTO3,False,Northwest,Pendleton,POINT (-118.7927637 45.67207498)
RYGO3,False,Northwest,Gold Ray Dam,POINT (-122.9872678 42.43734597)
SERO3,False,Northwest,Service Creek,POINT (-120.006677 44.7937468)
SLMO3,False,Northwest,Salem,POINT (-123.0425 44.94416667)
TDAO3,False,Northwest,The Dalles Dam,POINT (-121.1899167 45.60827778)
TRYO3,False,Northwest,Troy,POINT (-117.4510089 45.9457019)
UNYO3,False,Northwest,Unity Reservoir,POINT (-118.1763889 44.50388889)
VIDO3,False,Northwest,Vida,POINT (-122.46862 44.124802)
WTLO3,False,Northwest,Waterloo,POINT (-122.8219444 44.49777778)
BUMW1,True,Northwest,Bumping Dam,POINT (-121.2811111 46.88)
CASW1,False,Northwest,Castle Rock,POINT (-122.9125 46.27444444)
CHDW1,False,Northwest,Chelan,POINT (-120.06146 47.83624)
CIBW1,False,Northwest,International Boundary,POINT (-117.6294 49.0007)
CLEW1,True,Northwest,Cle Elum Outflow,POINT (-121.0678642 47.24456209)
CONW1,False,Northwest,Concrete,POINT (-121.7697222 48.52444444)
DRSW1,False,Northwest,Sequim,POINT (-123.1313889 48.01444444)
GCDW1,True,Northwest,Grand Coulee Dam,POINT (-118.9838889 47.95555555)
HLKW1,False,Northwest,Horlick,POINT (-120.7391667 47.12416667)
JDAO3,False,Northwest,NO_NAME_IN_NOAA_ESRI_SERVICE,POINT (-120.7 45.71667)
KACW1,True,Northwest,Kachess Outflow,POINT (-121.2034242 47.2612262)
KEEW1,True,Northwest,Keechelus Outflow,POINT (-121.3362047 47.32122417)
KIOW1,False,Northwest,Kiona,POINT (-119.4780794 46.25346748)
LAUW1,False,Northwest,Laurier,POINT (-118.2164 48.98434)
LGDW1,False,Northwest,Lower Granite,POINT (-117.4311 46.6575)
LLKW1,False,Northwest,Long Lake Dam,POINT (-117.8383333 47.83666667)
MCDW1,False,Northwest,NO_NAME_IN_NOAA_ESRI_SERVICE,POINT (-119.2977778 45.94055556)
MEWW1,False,Northwest,NO_NAME_IN_NOAA_ESRI_SERVICE,POINT (-122.56389 45.95472)
MYDW1,False,Northwest,NO_NAME_IN_NOAA_ESRI_SERVICE,POINT (-122.5833333 46.5)
NACW1,True,Northwest,Naches,POINT (-120.76924 46.7454015)
NITW1,False,Northwest,Nighthawk,POINT (-119.6184 48.9846)
PARW1,True,Northwest,Parker,POINT (-120.4428397 46.4970718)
PATW1,False,Northwest,Pateros,POINT (-119.9851 48.0774)
PESW1,False,Northwest,Peshastin,POINT (-120.6195 47.5832)
PRDW1,False,Northwest,Priest Rapids Dam,POINT (-119.8647 46.62874)
RIMW1,True,Northwest,NO_NAME_IN_NOAA_ESRI_SERVICE,POINT (-121.1166667 46.66666667)
RISW1,False,Northwest,Rock Island Dam,POINT (-120.08 47.3325)
SPOW1,False,Northwest,Spokane,POINT (-117.4491 47.65933)
STHW1,False,Northwest,Stehekin,POINT (-120.69176 48.32958)
TONW1,False,Northwest,Tonasket,POINT (-119.4617 48.6324)
CHWA3,False,Colorado Basin,Winslow,POINT (-110.7136111 34.63638889)
CLDA3,False,Colorado Basin,Coolidge Dam,POINT (-110.5278775 33.17561648)
GLDA3,True,Colorado Basin,NO_NAME_IN_NOAA_ESRI_SERVICE,POINT (-111.480556 36.935833)
GLHA3,False,Colorado Basin,Solomon,POINT (-109.4796056 32.8827222)
LCLA3,False,Colorado Basin,Lyman Lake,POINT (-109.362315 34.31448635)
SFCA3,False,Colorado Basin,Clifton,POINT (-109.2959047 33.04950776)
SLRA3,False,Colorado Basin,Roosevelt,POINT (-110.9215037 33.6194949)
TNRA3,False,Colorado Basin,Roosevelt,POINT (-111.3034659 33.9800413)
VDTA3,False,Colorado Basin,Horseshoe Dam,POINT (-111.7155556 34.07305555)
ELSK1,False,Missouri Basin,Smoky Hill River at Cedar Bluff Reservoir,POINT (-99.72305556 38.79805555)
GELK1,True,Missouri Basin,Solomon River near Glen Elder,POINT (-98.28333333 39.47388889)
HDYN1,True,Missouri Basin,Republican River near Hardy,POINT (-97.93138889 39.9925)
KRWK1,False,Missouri Basin,N F Solomon River at Kirwin Reservoir,POINT (-99.1275 39.66194444)
LOVK1,False,Missouri Basin,White Rock Creek at Lovewell Reservoir,POINT (-98.02666667 39.89027778)
LWLK1,False,Missouri Basin,White Rock Creek below Lovewell Reservoir,POINT (-98.02222222 39.88611111)
OSBK1,True,Missouri Basin,S F Solomon River near Osborne,POINT (-98.69388889 39.42777778)
PTIK1,True,Missouri Basin,N F Solomon River at Portis,POINT (-98.69194444 39.555)
RIGK1,False,Missouri Basin,Big Creek near Ellis,POINT (-99.65083333 38.92277778)
SCNK1,False,Missouri Basin,Smoky Hill River above Schoenchen,POINT (-99.34833333 38.71138889)
SCSK1,False,Missouri Basin,Smoky Hill River below Schoenchen,POINT (-99.29237 38.71237)
SKTK1,True,Missouri Basin,Bow Creek near Stockton,POINT (-99.28555556 39.55944444)
STCK1,False,Missouri Basin,S F Solomon River at Webster Reservoir,POINT (-99.42333333 39.40805555)
WDRK1,True,Missouri Basin,Prairie Dog Creek near Woodruff,POINT (-99.47833333 39.97861111)
WODK1,True,Missouri Basin,S F Solomon River at Woodston,POINT (-99.10138889 39.43972222)
CHNK1,True,Arkansas-Red Basin,Ninnescah River at Cheney Reservoir,POINT (-97.79333 37.72666)
MDKK1,True,Arkansas-Red Basin,Ninnescah River near Murdock,POINT (-97.852778 37.561666)
PECK1,False,Arkansas-Red Basin,Ninnescah River near Peck,POINT (-97.4236 37.4569)
BLPK1,False,Arkansas-Red Basin,Ninnescah River near Belle Plaine,POINT (-97.3391 37.3916)
OXFK1,False,Arkansas-Red Basin,Arkansas River at Oxford,POINT (-97.1629139 37.2744861)
AGSM8,True,Missouri Basin,Augusta,POINT (-112.7536111 47.60166667)
ALRM8,False,Missouri Basin,Ruby Reservoir,POINT (-112.1166667 45.25)
BARM8,False,Missouri Basin,Barretts,POINT (-112.7497222 45.11638889)
BFYM8,False,Missouri Basin,Belfry,POINT (-109.065367 45.009911)
BILM8,False,Missouri Basin,Billings,POINT (-108.4680306 45.8001194)
BTMM8,False,Missouri Basin,Big Timber,POINT (-109.9387056 45.8337944)
CLKM8,True,Missouri Basin,Clark Canyon Dam near Dillon,POINT (-112.8575 45.00166667)
CORM8,False,Missouri Basin,Corwin Springs,POINT (-110.7936111 45.11194444)
DKRM8,False,Missouri Basin,Tongue River Reservoir,POINT (-106.7708333 45.14138889)
DSLM8,False,Missouri Basin,Decker,POINT (-106.8359444 45.0091361)
ELMM8,False,Missouri Basin,NO_NAME_IN_NOAA_ESRI_SERVICE,POINT (-111.633333 45.466667)
ERNM8,True,Missouri Basin,Eastern Crossing nr Rudyard,POINT (-110.4219444 48.975)
FBNM8,False,Missouri Basin,Fort Benton,POINT (-110.6661417 47.81691111)
FPKM8,False,Missouri Basin,Fort Peck Reservoir,POINT (-106.4116667 48.01194444)
GLGM8,False,Missouri Basin,Gallatin Gateway,POINT (-111.2708333 45.49722222)
HBDM8,True,Missouri Basin,Hebgen Dam near West Yellowstone,POINT (-111.338781 44.8663917)
HLWM8,False,Missouri Basin,Harlowton,POINT (-109.8411944 46.4288)
HRDM8,False,Missouri Basin,Hardin,POINT (-107.5566667 45.73583333)
LDKM8,False,Missouri Basin,Landusky,POINT (-108.6877444 47.63143055)
LIVM8,False,Missouri Basin,Livingston,POINT (-110.566497 45.597211)
LOCM8,False,Missouri Basin,Locate,POINT (-105.3103306 46.4294361)
LOGM8,False,Missouri Basin,Logan,POINT (-111.4382861 45.88535555)
LRRM8,True,Missouri Basin,Lima Reservoir near Lima,POINT (-112.371363 44.655782)
MHDM8,False,Missouri Basin,Moorhead,POINT (-105.8783778 45.0571972)
MILM8,False,Missouri Basin,Miles City,POINT (-105.860033 46.420772)
MLRM8,False,Missouri Basin,Melrose,POINT (-112.7008333 45.52666667)
SHLM8,False,Missouri Basin,Shelby,POINT (-111.889836 48.4271972)
SIDM8,False,Missouri Basin,Sidney,POINT (-104.1552778 47.6775)
SMYM8,False,Missouri Basin,Babb,POINT (-113.4206533 48.8330372)
SRAM8,False,Missouri Basin,Absarokee,POINT (-109.4220556 45.53674167)
STXM8,False,Missouri Basin,St. Xavier,POINT (-107.9188889 45.31690278)
TOSM8,False,Missouri Basin,Toston,POINT (-111.4202778 46.1465722)
VRGM8,False,Missouri Basin,Virgelle,POINT (-110.2588222 48.0037833)
BHRM8,True,Missouri Basin,Bighorn River at Bighorn Reservoir,POINT (-107.9572222 45.3075)
CYNM8,True,Missouri Basin,Missouri River at Canyon Ferry Reservoir,POINT (-111.7275 46.64916667)
HAVM8,True,Missouri Basin,Milk River at Fresno Reservoir near Havre,POINT (-109.9458333 48.60111111)
SBUM8,True,Missouri Basin,Swiftcurrent Creek at Sherburne Reservoir near Babb,POINT (-113.5211111 48.82833333)
TBRM8,True,Missouri Basin,Marias River at Tiber Reservoir / Lake Elwell,POINT (-111.0877778 48.31)
SMBM8,True,,Saint Mary River at International boundary,POINT (-113.299547222 49.011408333)
AMBN1,False,Missouri Basin,Elm Creek (trib. to Republican River) at Amboy,POINT (-98.43527778 40.08888889)
ARAN1,False,Missouri Basin,Muddy Creek at Furnas-Gosper County Line,POINT (-99.95527778 40.35111111)
ARPN1,False,Missouri Basin,Muddy Creek at Arapahoe,POINT (-99.91138889 40.30638889)
BEKN1,True,Missouri Basin,S. Fork Republican River near Benkelman,POINT (-101.5419444 40.01027778)
BENN1,True,Missouri Basin,Republican River near Benkelman,POINT (-101.5427778 40.03472222)
BEVN1,False,Missouri Basin,Beaver Creek near Beaver City,POINT (-99.89305556 40.12)
BOXN1,False,Missouri Basin,Niobrara River at Box Butte Reservoir,POINT (-103.073611 42.458611)
BRLN1,True,Missouri Basin,Calamus River above Burwell,POINT (-99.182324 41.81019)
BVSN1,True,Missouri Basin,Sappa Creek near Beaver City,POINT (-99.89 40.04583333)
CABN1,False,Missouri Basin,Medicine Creek at Harry Strunk Reservoir,POINT (-100.215 40.37888889)
CALN1,True,Missouri Basin,Calamus River at Calamus Dam,POINT (-99.21972222 41.82722222)
CAMN1,True,Missouri Basin,Republican River at Cambridge,POINT (-100.1436111 40.28444444)
CULN1,True,Missouri Basin,Frenchman Creek at Culbertson,POINT (-100.8777778 40.23472222)
EDIN1,False,Missouri Basin,Turkey Creek (trib. to Republican River) below Edison,POINT (-99.73388889 40.27111111)
EDNN1,False,Missouri Basin,Turkey Creek (trib. to Republican River) at Furnas-Gosper County Line,POINT (-99.76305556 40.35111111)
EMCN1,False,Missouri Basin,Elm Creek (trib. to Platte River) near Elm Creek,POINT (-99.39805556 40.72888889)
FKNN1,False,Missouri Basin,Center Creek at Franklin,POINT (-98.96416667 40.0925)
FOXN1,False,Missouri Basin,Fox Creek near Curtis,POINT (-100.49 40.63444444)
FULN1,False,Missouri Basin,Cedar River near Fullerton,POINT (-98.00416667 41.39583333)
HAIN1,True,Missouri Basin,Arikaree River at Haigler,POINT (-101.9958333 40.01791667)
HBCN1,False,Missouri Basin,Buffalo Creek near Haigler,POINT (-101.8666667 40.03944444)
MCKN1,True,Missouri Basin,Driftwood Creek near McCook,POINT (-100.6727778 40.14583333)
MECN1,False,Missouri Basin,Medicine Creek near Curtis,POINT (-100.5677778 40.63222222)
METN1,True,Missouri Basin,Snake River at Merritt Dam,POINT (-100.8716667 42.635)
MKRN1,True,Missouri Basin,Republican River at McCook,POINT (-100.6180556 40.1875)
NBZN1,False,Missouri Basin,Bazile Creek near Niobrara,POINT (-97.922452 42.732018)
NLPN1,False,Missouri Basin,Mira Creek near North Loup,POINT (-98.79638889 41.5025)
PALN1,False,Missouri Basin,Frenchman Creek at Palisade,POINT (-101.1233333 40.35194444)
PASN1,True,Missouri Basin,Stinking Water Creek at Palisade,POINT (-101.1169 40.37291)
RECN1,False,Missouri Basin,Franklin Canal near Republican City,POINT (-99.209919 40.072948)
REPN1,True,Missouri Basin,Republican River at Harlan Reservoir,POINT (-99.21138889 40.07111111)
RVRN1,True,Missouri Basin,Republican River at Riverton,POINT (-98.765 40.08888889)
RVTN1,True,Missouri Basin,Thompson Creek at Riverton,POINT (-98.76083333 40.08916667)
SOMN1,False,Missouri Basin,Medicine Creek near Somerset,POINT (-100.8192 40.79686)
STTN1,True,Missouri Basin,Republican River at Stratton,POINT (-101.2297222 40.14055555)
DNDN8,True,Missouri Basin,Heart River at Dickinson Dam,POINT (-102.8269444 46.86972222)
GLUN8,True,Missouri Basin,Heart River at Heart Butte Dam,POINT (-101.8094444 46.59527778)
JMDN8,True,Missouri Basin,James River at Jamestown Dam,POINT (-98.70638889 46.93055555)
SHAS2,True,Missouri Basin,Shadehill Reservoir,POINT (-102.2038889 45.75333333)
BWSW4,True,Missouri Basin,Belle Fourche River at Wyoming-South Dakota State Line,POINT (-104.0516018 44.74887406)
BEFS2,True,Missouri Basin,Belle Fourche Reservoir,POINT (-103.6746411 44.73665157)
DRFS2,True,Missouri Basin,Deerfield Reservoir,POINT (-103.7818652 44.02914848)
PACS2,True,Missouri Basin,Rapid Creek below Pactola Dam,POINT (-103.4816667 44.07666667)
ANGS2,True,Missouri Basin,Angostura Reservoir,POINT (-103.4382523 43.34303306)
ARDQ2,False,Northwest,NO_NAME_IN_NOAA_ESRI_SERVICE,POINT (-117.7666667 49.33333333)
BIRQ2,False,Northwest,NO_NAME_IN_NOAA_ESRI_SERVICE,POINT (-117.7163889 49.17777778)
DCDQ2,False,Northwest,NO_NAME_IN_NOAA_ESRI_SERVICE,POINT (-116.97 50.25)
MCDQ2,False,Northwest,NO_NAME_IN_NOAA_ESRI_SERVICE,POINT (-118.5833333 52.05)
PDBM8,False,Missouri Basin,Del Bonita nr Cut Bank,POINT (-112.545 49.0075)
QBYQ2,False,Northwest,NO_NAME_IN_NOAA_ESRI_SERVICE,POINT (-116.9333333 49.65)
REVQ2,False,Northwest,NO_NAME_IN_NOAA_ESRI_SERVICE,POINT (-118.2166667 50.98333333)
SLCQ2,False,Northwest,NO_NAME_IN_NOAA_ESRI_SERVICE,POINT (-117.5666667 49.46666667)
SMKQ2,False,Northwest,NO_NAME_IN_NOAA_ESRI_SERVICE,POINT (-120.15 49.38333333)
ALEC2,True,Colorado Basin,Almont,POINT (-106.848095 38.66443715)
ALTC2,True,Colorado Basin,Almont,POINT (-106.8453172 38.66443715)
ANRC2,False,Missouri Basin,Antero Reservoir,POINT (-105.8961 38.9939)
ARGC2,False,Arkansas-Red Basin,NO_NAME_IN_NOAA_ESRI_SERVICE,POINT (-106.2658553 39.04277116)
BELC2,False,Missouri Basin,Eldorado Springs,POINT (-105.3053 39.9335)
BMDC2,True,Colorado Basin,NO_NAME_IN_NOAA_ESRI_SERVICE,POINT (-107.332778 38.456667)
CAMC2,True,Colorado Basin,Colorado River at Cameo,POINT (-108.2661946 39.2391463)
CHEC2,False,Missouri Basin,NO_NAME_IN_NOAA_ESRI_SERVICE,POINT (-105.278333 39.220278)
CHKC2,False,Arkansas-Red Basin,NO_NAME_IN_NOAA_ESRI_SERVICE,POINT (-106.159486 38.733582)
CLOC2,True,Colorado Basin,Colona,POINT (-107.779225 38.33143056)
CLSC2,True,Colorado Basin,NO_NAME_IN_NOAA_ESRI_SERVICE,POINT (-107.623611 38.510556)
CLVC2,False,Arkansas-Red Basin,NO_NAME_IN_NOAA_ESRI_SERVICE,POINT (-105.0527781 37.42001275)
CNCC2,False,Arkansas-Red Basin,Canon City,POINT (-105.2572128 38.43388674)
CRDC2,True,West Gulf,NO_NAME_IN_NOAA_ESRI_SERVICE,POINT (-107.255833 37.725)
DIRC2,True,Colorado Basin,Blue River (CO) at Dillon Reservoir,POINT (-106.0116 39.6038)
DLAC2,True,Colorado Basin,NO_NAME_IN_NOAA_ESRI_SERVICE,POINT (-108.080556 38.741944)
DNRC2,True,West Gulf,Del Norte,POINT (-106.4598611 37.6886111)
DOLC2,True,Colorado Basin,Dolores,POINT (-108.4975908 37.47249296)
DRGC2,True,Colorado Basin,Durango,POINT (-107.8803445 37.2791688)
EGLC2,True,Colorado Basin,Colorado River near Dotsero,POINT (-107.0780139 39.644611)
ELHC2,False,Colorado Basin,Hayden,POINT (-107.3208933 40.59163879)
ENMC2,False,Colorado Basin,Milner,POINT (-106.9539407 40.5146975)
EVNC2,False,Missouri Basin,Eleven Mile Canyon Reservoir,POINT (-105.4767 38.9047)
FRWC2,False,Colorado Basin,Winter Park,POINT (-105.7761 39.9)
FTDC2,False,Missouri Basin,Fort Collins,POINT (-105.2242 40.6645)
GBYC2,True,Colorado Basin,Colorado River at Granby Reservoir,POINT (-105.84 40.156)
GCOC2,True,Colorado Basin,Colorado River below Glenwood Springs,POINT (-107.337554 39.5549819)
GCWC2,False,Arkansas-Red Basin,NO_NAME_IN_NOAA_ESRI_SERVICE,POINT (-105.4836125 38.18611049)
GJNC2,True,Colorado Basin,Grand Junction,POINT (-108.4506446 38.98331575)
GLDC2,False,Missouri Basin,Golden,POINT (-105.2347 39.7531)
GMRC2,True,Colorado Basin,Blue River (CO) at Green Mountain Reservoir,POINT (-106.2427 39.854)
GPSC2,False,Colorado Basin,Gypsum,POINT (-106.9536554 39.64942954)
GUSC2,True,Colorado Basin,Gunnison,POINT (-106.9497661 38.54193567)
GWSC2,False,Colorado Basin,Glenwood Springs,POINT (-107.3308333 39.54666667)
HMZC2,False,Arkansas-Red Basin,NO_NAME_IN_NOAA_ESRI_SERVICE,POINT (-105.351395 37.7277816)
KRMC2,True,Colorado Basin,Colorado River near Kremmling,POINT (-106.44 40.0367)
LAPC2,False,Arkansas-Red Basin,Las Animas,POINT (-103.2014167 38.0342222)
LARC2,False,Arkansas-Red Basin,NO_NAME_IN_NOAA_ESRI_SERVICE,POINT (-103.219167 38.080833)
LEMC2,True,Colorado Basin,NO_NAME_IN_NOAA_ESRI_SERVICE,POINT (-107.662222 37.399167)
LFGC2,False,Colorado Basin,Gateview,POINT (-107.2294444 38.29888889)
LILC2,False,Colorado Basin,Lily,POINT (-108.4243222 40.54901667)
LJCC2,False,West Gulf,NO_NAME_IN_NOAA_ESRI_SERVICE,POINT (-106.187778 37.21)
LNAC2,True,Colorado Basin,NO_NAME_IN_NOAA_ESRI_SERVICE,POINT (-106.811111 37.075556)
LNSC2,False,Missouri Basin,Lyons,POINT (-105.2603 40.2179)
LOBC2,True,West Gulf,NO_NAME_IN_NOAA_ESRI_SERVICE,POINT (-105.756944 37.078611)
LPHC2,False,Colorado Basin,Hesperus,POINT (-108.0406277 37.28972246)
LSRC2,False,Colorado Basin,Slater,POINT (-107.143388 40.99941048)
MBLC2,False,Colorado Basin,Maybell,POINT (-108.0334152 40.50274666)
MNRC2,False,Colorado Basin,Mancos,POINT (-108.254803 37.3572184)
MOGC2,True,West Gulf,NO_NAME_IN_NOAA_ESRI_SERVICE,POINT (-106.187269 37.05390016)
MPHC2,True,Colorado Basin,NO_NAME_IN_NOAA_ESRI_SERVICE,POINT (-108.545833 37.55)
MPSC2,True,Colorado Basin,NO_NAME_IN_NOAA_ESRI_SERVICE,POINT (-107.533333 38.45)
MRRC2,False,Missouri Basin,Morrison,POINT (-105.1956 39.6531)
NAVC2,True,Colorado Basin,Chromo,POINT (-106.7378136 37.03028919)
NGTC2,True,Missouri Basin,Northgate,POINT (-106.3392 40.9366)
OROC2,False,Missouri Basin,Orodell,POINT (-105.3308 40.0064)
PDAC2,False,Arkansas-Red Basin,Pueblo,POINT (-104.718033 38.2716694)
PIDC2,False,Colorado Basin,Arboles,POINT (-107.3972222 37.08833333)
PRSC2,True,Colorado Basin,NO_NAME_IN_NOAA_ESRI_SERVICE,POINT (-107.351944 38.943056)
PSPC2,True,Colorado Basin,Pagosa Springs,POINT (-107.011 37.26552778)
PTOC2,True,West Gulf,NO_NAME_IN_NOAA_ESRI_SERVICE,POINT (-106.544167 37.355)
PTRC2,False,Arkansas-Red Basin,Trinidad,POINT (-104.509152 37.1708521)
RBPC2,True,Colorado Basin,NO_NAME_IN_NOAA_ESRI_SERVICE,POINT (-106.811111 37.203611)
RBSC2,True,Colorado Basin,NO_NAME_IN_NOAA_ESRI_SERVICE,POINT (-107.7575 38.219167)
RURC2,True,Colorado Basin,NO_NAME_IN_NOAA_ESRI_SERVICE,POINT (-106.768056 39.363889)
RWGC2,True,West Gulf,NO_NAME_IN_NOAA_ESRI_SERVICE,POINT (-106.831433 37.76694638)
SAFC2,True,West Gulf,NO_NAME_IN_NOAA_ESRI_SERVICE,POINT (-105.414722 37.425)
SALC2,False,Arkansas-Red Basin,Salida,POINT (-106.0105693 38.5458304)
SCCC2,False,Colorado Basin,Cedaredge,POINT (-107.921176 38.9016487)
SCKC2,False,West Gulf,NO_NAME_IN_NOAA_ESRI_SERVICE,POINT (-106.290583 38.16333294)
SJCC2,True,Colorado Basin,NO_NAME_IN_NOAA_ESRI_SERVICE,POINT (-107.3116667 37.01361111)
SLUC2,False,West Gulf,NO_NAME_IN_NOAA_ESRI_SERVICE,POINT (-105.4258333 37.18388889)
SMPC2,False,Colorado Basin,Placerville,POINT (-108.1102889 38.03070556)
SOMC2,True,Colorado Basin,Somerset,POINT (-107.4342211 38.9258228)
SPTC2,False,Missouri Basin,South Platte,POINT (-105.1699 39.4088)
SPYC2,False,Missouri Basin,Spinney Mountain Reservoir,POINT (-105.6218 38.9721)
SRGC2,True,West Gulf,NO_NAME_IN_NOAA_ESRI_SERVICE,POINT (-106.6492082 37.65694884)
STMC2,False,Colorado Basin,Steamboat Springs,POINT (-106.8324306 40.4829861)
TERC2,False,West Gulf,NO_NAME_IN_NOAA_ESRI_SERVICE,POINT (-106.3347558 37.37472769)
TOMC2,True,Colorado Basin,Gunnison,POINT (-106.9409583 38.5211111)
TPIC2,True,Colorado Basin,NO_NAME_IN_NOAA_ESRI_SERVICE,POINT (-106.5875 38.834722)
TTRC2,False,West Gulf,NO_NAME_IN_NOAA_ESRI_SERVICE,POINT (-105.294444 37.374444)
UFGC2,False,West Gulf,NO_NAME_IN_NOAA_ESRI_SERVICE,POINT (-105.425833 37.447222)
VCRC2,True,Colorado Basin,Vallecito Reservoir,POINT (-107.576111 37.383056)
WCRC2,True,Colorado Basin,Willow Creek (CO) at Willow Creek Reservoir,POINT (-105.9775 40.1537)
WFDC2,False,Colorado Basin,Williams Fork Reservoir,POINT (-106.1834 40.002)
WORC2,False,Colorado Basin,Wolford Mountain Reservoir,POINT (-106.4144 40.1883)
WRMC2,False,Colorado Basin,Meeker,POINT (-107.86222 40.0335849)
YDLC2,True,Colorado Basin,Deerlodge Park,POINT (-108.525101 40.45163387)
ATCN5,False,West Gulf,Anton Chico,POINT (-105.1088889 35.17861111)
CBDN5,False,West Gulf,NO_NAME_IN_NOAA_ESRI_SERVICE,POINT (-105.283611 36.872778)
CMMN5,False,Arkansas-Red Basin,Cimarron,POINT (-104.9786111 36.51972222)
CMRN5,False,Arkansas-Red Basin,NO_NAME_IN_NOAA_ESRI_SERVICE,POINT (-104.946111 36.573611)
CMTN5,False,West Gulf,Chamita,POINT (-106.1116667 36.07361111)
CNCN5,False,Arkansas-Red Basin,Conchas Lake,POINT (-104.190278 35.402778)
COSN5,False,West Gulf,Costilla,POINT (-105.5072222 36.96694444)
CRCN5,False,Arkansas-Red Basin,NO_NAME_IN_NOAA_ESRI_SERVICE,POINT (-104.969444 36.372222)
CYON5,False,West Gulf,NO_NAME_IN_NOAA_ESRI_SERVICE,POINT (-105.904722 35.964722)
DAWN5,False,Arkansas-Red Basin,Dawson,POINT (-104.7863889 36.68111111)
DIXN5,True,West Gulf,Dixon,POINT (-105.9136111 36.21083333)
EGLN5,False,Arkansas-Red Basin,Eagle Nest Reservoir,POINT (-105.2288889 36.53138889)
GILN5,False,Colorado Basin,Gila,POINT (-108.53739 33.0615)
GSFN5,False,Colorado Basin,Glenwood,POINT (-108.88 33.24722222)
GVRN5,False,Colorado Basin,Virden,POINT (-108.84656 32.64619)
JECN5,True,West Gulf,Jemez Dam,POINT (-106.5447222 35.39472222)
JEZN5,True,West Gulf,Jemez Pueblo,POINT (-106.7433333 35.66194444)
LMDN5,False,West Gulf,La Madera,POINT (-106.0441667 36.34972222)
MTZN5,False,West Gulf,Montezuma,POINT (-105.3188889 35.65194444)
NVRN5,True,Colorado Basin,Navajo Dam,POINT (-107.6127778 36.80027778)
ORTC2,True,West Gulf,NO_NAME_IN_NOAA_ESRI_SERVICE,POINT (-106.073611 36.982222)
OTWN5,True,West Gulf,Otowi,POINT (-106.1425 35.87444444)
PCON5,False,West Gulf,Pecos,POINT (-105.6827778 35.70833333)
RCEN5,True,West Gulf,El Vado Dam,POINT (-106.7247222 36.58027778)
RLAN5,False,West Gulf,NO_NAME_IN_NOAA_ESRI_SERVICE,POINT (-105.530833 36.508333)
RNAN5,False,West Gulf,NO_NAME_IN_NOAA_ESRI_SERVICE,POINT (-105.909722 35.846111)
RPTN5,True,West Gulf,NO_NAME_IN_NOAA_ESRI_SERVICE,POINT (-105.510556 36.441389)
RRFN5,True,West Gulf,NO_NAME_IN_NOAA_ESRI_SERVICE,POINT (-105.654167 36.682778)
SAOC2,False,West Gulf,NO_NAME_IN_NOAA_ESRI_SERVICE,POINT (-106.038611 36.993333)
SFRN5,False,West Gulf,NO_NAME_IN_NOAA_ESRI_SERVICE,POINT (-105.843611 35.686389)
SMFN5,False,West Gulf,San Marcial,POINT (-106.9969444 33.67916667)
SRDN5,False,West Gulf,NO_NAME_IN_NOAA_ESRI_SERVICE,POINT (-104.761111 35.059444)
SRPN5,True,West Gulf,NO_NAME_IN_NOAA_ESRI_SERVICE,POINT (-104.761111 35.059444)
TBCN5,True,West Gulf,Taos,POINT (-105.6677778 36.37944444)
TSQN5,False,West Gulf,NO_NAME_IN_NOAA_ESRI_SERVICE,POINT (-105.905 35.739444)
VADN5,False,West Gulf,NO_NAME_IN_NOAA_ESRI_SERVICE,POINT (-105.556389 36.541667)
AFPU1,False,Colorado Basin,American Fork,POINT (-111.6821472 40.4477297)
ASHU1,True,Colorado Basin,Vernal,POINT (-109.6213889 40.5775)
BCTU1,False,Colorado Basin,Salt Lake City,POINT (-111.7811111 40.61861111)
BERU1,False,Colorado Basin,Utah/Wyoming State Line,POINT (-110.8535079 40.9652254)
BEVU1,False,Colorado Basin,NO_NAME_IN_NOAA_ESRI_SERVICE,POINT (-112.5675 38.280556)
BFFU1,True,Colorado Basin,Bluff,POINT (-109.8666889 37.15067778)
BNRU1,True,Colorado Basin,Robertson,POINT (-110.5797222 40.95902778)
BRUU1,True,Colorado Basin,NO_NAME_IN_NOAA_ESRI_SERVICE,POINT (-109.464722 40.588889)
CASU1,False,Colorado Basin,Castilla,POINT (-111.5479705 40.0496781)
CCDU1,False,Colorado Basin,NO_NAME_IN_NOAA_ESRI_SERVICE,POINT (-112.287778 38.579444)
CCSU1,False,Colorado Basin,Salt Lake City,POINT (-111.8763889 40.7925)
CIVU1,True,Colorado Basin,Coalville,POINT (-111.4015858 40.92050285)
CLLU1,True,Colorado Basin,Coalville,POINT (-111.4018633 40.89522527)
CLRU1,False,Colorado Basin,Cisco,POINT (-109.2934493 38.81054095)
COAU1,False,Colorado Basin,Cedar City,POINT (-113.034672 37.67219924)
CRAU1,True,Colorado Basin,NO_NAME_IN_NOAA_ESRI_SERVICE,POINT (-111.383056 41.195833)
CRUU1,True,Colorado Basin,NO_NAME_IN_NOAA_ESRI_SERVICE,POINT (-111.051944 40.333056)
DADU1,True,Colorado Basin,NO_NAME_IN_NOAA_ESRI_SERVICE,POINT (-110.441944 40.270556)
DCRU1,True,Colorado Basin,NO_NAME_IN_NOAA_ESRI_SERVICE,POINT (-111.526944 40.406944)
DELU1,False,Colorado Basin,NO_NAME_IN_NOAA_ESRI_SERVICE,POINT (-111.703611 40.769722)
DOLU1,False,Colorado Basin,Cisco,POINT (-109.1951142 38.79720805)
DURU1,True,Colorado Basin,Randlett,POINT (-109.7813889 40.21027778)
ECBU1,True,Colorado Basin,NO_NAME_IN_NOAA_ESRI_SERVICE,POINT (-111.406944 40.948611)
ECRU1,True,Colorado Basin,NO_NAME_IN_NOAA_ESRI_SERVICE,POINT (-111.5875 40.903889)
ELLU1,False,Colorado Basin,NO_NAME_IN_NOAA_ESRI_SERVICE,POINT (-111.212778 39.599722)
FCNU1,True,Colorado Basin,Scofield,POINT (-111.191006 39.77440566)
FRRU1,False,Colorado Basin,Ferron (Upper Station),POINT (-111.2165589 39.10413724)
GATU1,True,Colorado Basin,Gateway,POINT (-111.8324384 41.1368878)
GRNU1,True,Colorado Basin,NO_NAME_IN_NOAA_ESRI_SERVICE,POINT (-109.470833 40.909722)
GRVU1,False,Colorado Basin,GREEN RIVER,POINT (-110.151247 38.98608)
HATU1,False,Colorado Basin,Hatch,POINT (-112.4302069 37.65109086)
HBCU1,False,Colorado Basin,NO_NAME_IN_NOAA_ESRI_SERVICE,POINT (-111.638611 40.178889)
HPBU1,False,Colorado Basin,NO_NAME_IN_NOAA_ESRI_SERVICE,POINT (-111.07 39.37)
HRMU1,True,Colorado Basin,Hyrum,POINT (-111.7388286 41.6235452)
JOVU1,False,Colorado Basin,NO_NAME_IN_NOAA_ESRI_SERVICE,POINT (-111.269444 39.288889)
LAAU1,True,Colorado Basin,NO_NAME_IN_NOAA_ESRI_SERVICE,POINT (-110.489167 40.561944)
LAMU1,False,Colorado Basin,NO_NAME_IN_NOAA_ESRI_SERVICE,POINT (-111.708056 40.754722)
LCTU1,False,Colorado Basin,Salt Lake City,POINT (-111.7972222 40.57777778)
LGNU1,False,Colorado Basin,Logan,POINT (-111.78272 41.74326439)
MAAU1,False,Colorado Basin,NO_NAME_IN_NOAA_ESRI_SERVICE,POINT (-111.579167 39.259167)
MDCU1,False,Colorado Basin,Emery,POINT (-111.253886 38.9910556)
MILU1,False,Colorado Basin,Mill Creek,POINT (-111.7508333 40.69416667)
MYRU1,True,Colorado Basin,Myton,POINT (-110.0637613 40.20023757)
NEUU1,True,Colorado Basin,Neola,POINT (-110.1143226 40.5913396)
OAWU1,True,Colorado Basin,Oakley,POINT (-111.2479652 40.7371721)
OGHU1,True,Colorado Basin,Huntsville,POINT (-111.6741004 41.26855226)
PINU1,True,Colorado Basin,NO_NAME_IN_NOAA_ESRI_SERVICE,POINT (-111.806944 41.277778)
PRLU1,False,Colorado Basin,Parleys,POINT (-111.7966667 40.70944444)
PRZU1,True,Colorado Basin,Paradise,POINT (-111.8552203 41.5754898)
PVHU1,True,Colorado Basin,NO_NAME_IN_NOAA_ESRI_SERVICE,POINT (-111.330833 40.600833)
RBCU1,False,Colorado Basin,NO_NAME_IN_NOAA_ESRI_SERVICE,POINT (-111.805278 40.78)
RKUU1,True,Colorado Basin,NO_NAME_IN_NOAA_ESRI_SERVICE,POINT (-111.397222 40.773611)
ROKU1,True,Colorado Basin,Mountain Home,POINT (-110.5782169 40.4932799)
SAYU1,False,Colorado Basin,NO_NAME_IN_NOAA_ESRI_SERVICE,POINT (-111.529722 38.911944)
SFRU1,True,Colorado Basin,NO_NAME_IN_NOAA_ESRI_SERVICE,POINT (-110.708889 40.550833)
SFSU1,True,Colorado Basin,NO_NAME_IN_NOAA_ESRI_SERVICE,POINT (-111.125 39.7875)
SLRW4,True,Colorado Basin,NO_NAME_IN_NOAA_ESRI_SERVICE,POINT (-110.385278 40.988889)
STAU1,True,Colorado Basin,NO_NAME_IN_NOAA_ESRI_SERVICE,POINT (-110.4425 40.190833)
STCU1,False,Colorado Basin,Pine Valley,POINT (-113.483288 37.38331325)
STIU1,True,Colorado Basin,NO_NAME_IN_NOAA_ESRI_SERVICE,POINT (-111.016667 40.133333)
SZZU1,False,Colorado Basin,NO_NAME_IN_NOAA_ESRI_SERVICE,POINT (-111.732778 39.717222)
TADU1,True,Colorado Basin,Tabiona,POINT (-110.602381 40.30023027)
USTU1,True,Colorado Basin,NO_NAME_IN_NOAA_ESRI_SERVICE,POINT (-110.693611 40.548333)
UTLU1,True,Colorado Basin,NO_NAME_IN_NOAA_ESRI_SERVICE,POINT (-111.9 40.366667)
VIRU1,False,Colorado Basin,Virgin,POINT (-113.1807789 37.2041494)
WATU1,False,Colorado Basin,Watson,POINT (-109.1787269 39.97885629)
WFDU1,True,Colorado Basin,NO_NAME_IN_NOAA_ESRI_SERVICE,POINT (-111.016667 40.45)
WOOU1,True,Colorado Basin,Woodland,POINT (-111.1687838 40.5577278)
WRSU1,False,Colorado Basin,Tabbyune Creek near Soldier Summit,POINT (-111.0373878 39.8757928)
WTRU1,False,Colorado Basin,Whiterocks,POINT (-109.9323739 40.5935653)
YLLU1,True,Colorado Basin,Altonah,POINT (-110.341591 40.51189299)
BEAW4,False,Colorado Basin,Woodruff Narrows Reservoir,POINT (-111.0176863 41.43443899)
BORW4,True,Colorado Basin,Border,POINT (-110.87272 42.2931)
BPNW4,False,Colorado Basin,Big Piney,POINT (-109.93015 42.56717)
BSRW4,True,Colorado Basin,Big Sandy Reservoir,POINT (-109.5119 42.3296)
CDYW4,True,Missouri Basin,Buffalo BIll Reservoir,POINT (-109.18443 44.5014)
DAYW4,False,Missouri Basin,Dayton ,POINT (-107.3038889 44.84944444)
ECRW4,True,Missouri Basin,Mouth near Encampment,POINT (-106.7147 41.3033)
FRAW4,False,Colorado Basin,Fremont Lake,POINT (-109.77357 43.02706)
GBRW4,True,Colorado Basin,Fontenelle Reservoir,POINT (-110.0639 42.0269)
GREW4,True,Northwest,Alpine,POINT (-110.97694 43.14306)
GRRW4,False,Colorado Basin,Green River,POINT (-109.44925 41.5161)
HMFW4,False,Colorado Basin,Viva Naughton Reservoir,POINT (-110.70942 42.11089)
JLKW4,True,Northwest,Jackson Dam,POINT (-110.5858 43.85832)
KCRW4,False,Missouri Basin,Arlington,POINT (-106.22279 41.585246)
KEYW4,True,Missouri Basin,Keyhole Reservoir,POINT (-104.7791667 44.38194444)
LVEW4,True,Missouri Basin,Kane,POINT (-108.1815 44.75857)
SALW4,False,Northwest,Etna,POINT (-111.03722 43.07972)
SBDW4,True,Missouri Basin,Boysen Reservoir,POINT (-108.17778 43.416389)
SETW4,True,Missouri Basin,Seminoe Reservoir,POINT (-106.9081 42.1558)
SMTW4,False,Missouri Basin,Filmore,POINT (-106.0347 41.295)
VIVW4,False,Colorado Basin,Viva Naughton Reservoir,POINT (-110.66329 41.96868)
WBRW4,False,Colorado Basin,Warren Bridge,POINT (-110.1189 43.0191)
WODW4,False,Missouri Basin,Woods Landing,POINT (-105.9808 41.138)
YLOW4,False,Missouri Basin,Fishing Bridge,POINT (-110.381 44.56758)
LABW4,False,Colorado Basin,"GREEN - LA BARGE, NR",POINT (-110.163 42.1928)
